key,targname,tarkey1,type,equinox,obs_time,ra_targ,dec_targ,ra_calc,dec_calc,offset_arcsec,epoch_gap_yr,nongrav,other,has_lv2
5834/u3150101t_shm.fits,COMET-SHOEMAKER-1984K1,COMET SHOEMAKER 84F-85XII,COMET,J2000,14-DEC-1995:10:45:09,32.700752,29.274087,226.089025,-40.160465,592398.008,0.04,False,False,False
6841/u33k0204t_shm.fits,COMET-45P-2,COMET 45P-HONDA-MRKOS-PAJDUSAKOVA,COMET,J2000,05-FEB-1996:19:51:09,237.491438,1.317078,296.437712,-20.585461,221977.783,0.10,False,False,False
6841/u33k0201t_shm.fits,COMET-45P-2,COMET 45P-HONDA-MRKOS-PAJDUSAKOVA,COMET,J2000,05-FEB-1996:19:37:39,237.524263,1.304993,296.423852,-20.587382,221808.354,0.10,False,False,False
2442/w0yy0i01t_shf.fits,COMET-SL-1991A1,,COMET,J2000,14-JUL-1992:03:53:09,169.302633,55.241767,169.754315,54.594544,2510.428,0.06,False,False,False
6736/z35qm001t_shf.fits,SPYBAL,COMET B2-OFFSET-6,COMET,J2000,03-APR-1996:19:45:49,47.004291,47.875290,47.371044,48.407968,2110.342,0.15,False,False,True
6736/z35qm002t_shf.fits,WAVE,COMET B2-OFFSET-6,COMET,J2000,03-APR-1996:19:45:49,47.004291,47.875290,47.371044,48.407968,2110.342,0.15,False,False,True
6736/z35qm003t_shf.fits,B2-OFFSET-6,COMET B2-OFFSET-6,COMET,J2000,03-APR-1996:19:55:53,47.004291,47.875290,47.368663,48.394818,2065.037,0.15,False,False,True
6679/u35f0101t_shm.fits,HYAKUTAKE-1,COMET HYAKUTAKE,COMET,J2000,26-MAR-1996:01:30:39,211.912396,73.212225,212.243608,72.651846,2047.487,0.10,False,False,False
6736/u35qn101t_shm.fits,B2,COMET B2-NUCLEUS,COMET,J2000,02-APR-1996:22:52:39,47.436847,49.684906,47.693637,50.185967,1899.419,0.15,False,False,False
6736/z35qn701t_shf.fits,SPYBAL,COMET B2-OFFSET-5,COMET,J2000,03-APR-1996:14:56:17,47.163568,48.311193,47.440794,48.793411,1857.431,0.15,False,False,True
6736/z35qn702t_shf.fits,WAVE,COMET B2-OFFSET-5,COMET,J2000,03-APR-1996:14:56:17,47.163568,48.311193,47.440794,48.793411,1857.431,0.15,False,False,True
6613/y35z1n01t_shf.fits,C-HYAKUTAKE-OFF0,COMET HYAKUTAKE,COMET,J2000,01-APR-1996:16:24:03,47.987149,52.794422,47.731042,52.303963,1852.524,0.09,False,False,False
6613/y35z2n01t_shf.fits,C-HYAKUTAKE-OFF2,OFFSET COMET HYAKUTAKE,COMET,J2000,01-APR-1996:18:00:30,47.952627,52.608445,47.700161,52.124085,1829.880,0.09,False,False,True
6613/y35z3n01t_shf.fits,C-HYAKUTAKE-OFF4,OFFSET COMET HYAKUTAKE,COMET,J2000,01-APR-1996:19:38:32,47.918252,52.422366,47.669365,51.943937,1807.833,0.09,False,False,True
6736/z35qn401t_shf.fits,SPYBAL,COMET B2-OFFSET-2,COMET,J2000,03-APR-1996:10:07:16,47.264237,48.719573,47.513066,49.192662,1801.830,0.15,False,False,True
6736/z35qn402t_shf.fits,WAVE,COMET B2-OFFSET-2,COMET,J2000,03-APR-1996:10:07:16,47.264237,48.719573,47.513066,49.192662,1801.830,0.15,False,False,True
6736/z35qn301t_shf.fits,SPYBAL,COMET B2-NUCLEUS,COMET,J2000,03-APR-1996:08:30:38,47.293921,48.856316,47.537867,49.329532,1798.022,0.15,False,False,False
6736/z35qn302t_shf.fits,WAVE,COMET B2-NUCLEUS,COMET,J2000,03-APR-1996:08:30:38,47.293921,48.856316,47.537867,49.329532,1798.022,0.15,False,False,False
6613/y35z4n01t_shf.fits,C-HYAKUTAKE-OFF8,OFFSET COMET HYAKUTAKE,COMET,J2000,01-APR-1996:21:14:59,47.884391,52.241437,47.639626,51.769281,1784.210,0.09,False,False,True
6736/z35qn303t_shf.fits,B2,COMET B2-NUCLEUS,COMET,J2000,03-APR-1996:08:40:42,47.293921,48.856316,47.535267,49.315193,1747.212,0.15,False,False,False
6736/z35qn501t_shf.fits,SPYBAL,COMET B2-OFFSET-3,COMET,J2000,03-APR-1996:11:43:44,47.255545,48.598127,47.488633,49.057739,1744.378,0.15,False,False,True
6736/z35qn502t_shf.fits,WAVE,COMET B2-OFFSET-3,COMET,J2000,03-APR-1996:11:43:44,47.255545,48.598127,47.488633,49.057739,1744.378,0.15,False,False,True
6736/z35qn601t_shf.fits,SPYBAL,COMET B2-OFFSET-4,COMET,J2000,03-APR-1996:13:19:49,47.219785,48.469898,47.464609,48.925019,1738.645,0.15,False,False,True
6736/z35qn602t_shf.fits,WAVE,COMET B2-OFFSET-4,COMET,J2000,03-APR-1996:13:19:49,47.219785,48.469898,47.464609,48.925019,1738.645,0.15,False,False,True
6613/y35z6n01t_shf.fits,C-HYAKUTAKE-OFF16,OFFSET COMET HYAKUTAKE,COMET,J2000,02-APR-1996:00:26:45,47.818869,51.889395,47.582068,51.429413,1738.324,0.08,False,False,True
6259/u35pan01t_shm.fits,HYAKUTAKE,COMET HYAKUTAKE,COMET,J2000,02-APR-1996:05:12:39,47.733403,51.383181,47.499864,50.940219,1679.564,0.08,False,False,False
6736/z35qn703t_shf.fits,B2-OFFSET-5,COMET B2-OFFSET-5,COMET,J2000,03-APR-1996:15:44:31,47.163568,48.311193,47.428997,48.728214,1629.234,0.15,False,False,True
6736/u35qm401t_shm.fits,B2,COMET B2-NUCLEUS,COMET,J2000,04-APR-1996:02:27:39,47.055255,47.475421,47.278185,47.895592,1606.207,0.16,False,False,False
6736/y35qm501t_shf.fits,B2,COMET B2-NUCLEUS,COMET,J2000,04-APR-1996:03:53:33,47.037194,47.371682,47.258881,47.789294,1596.883,0.16,False,False,False
6736/z35qn403t_shf.fits,B2-OFFSET-2,COMET B2-OFFSET-2,COMET,J2000,03-APR-1996:10:55:30,47.264237,48.719573,47.500810,49.124989,1563.102,0.15,False,False,True
6736/z35qn503t_shf.fits,B2-OFFSET-3,COMET B2-OFFSET-3,COMET,J2000,03-APR-1996:12:31:47,47.255545,48.598127,47.476581,48.991162,1508.901,0.15,False,False,True
6736/z35qn603t_shf.fits,B2-OFFSET-4,COMET B2-OFFSET-4,COMET,J2000,03-APR-1996:14:08:03,47.219785,48.469898,47.452664,48.859012,1506.275,0.15,False,False,True
12607/obws20010_spt.fits,C-2009P1-GARRADD-NEW-OFFSET,COMET,COMET,J2000,20-JAN-2012:03:18:57,261.817745,34.030518,261.487588,34.346230,1502.798,0.07,False,False,True
9906/o8vk17010_spt.fits,NEAT-2001Q4-OFF,COMET,COMET,J2000,25-APR-2004:00:44:14,70.468317,-58.743899,70.966901,-59.071529,1500.099,0.00,False,False,True
13874/ocsk10010_spt.fits,COMET-LOVEJOY-OFFSET,COMET,COMET,J2000,03-FEB-2015:21:02:09,32.037537,41.477291,32.545031,41.643687,1492.530,0.21,False,False,True
13492/occw11010_spt.fits,COMET-ISON-EPOCH2-OFFSET,COMET,COMET,J2000,01-NOV-2013:10:08:12,169.017272,5.915937,168.636311,6.083253,1491.026,0.07,False,False,True
5021/y1gw0301t_shf.fits,1993E,COMET SHOEMAKER-LEVY 1993E,COMET,J2000,01-JUL-1993:11:12:31,182.932847,-2.441277,183.174001,-2.553536,956.862,0.13,False,False,False
5021/w1gw0101t_shf.fits,1993E,COMET SHOEMAKER-LEVY 1993E,COMET,J2000,01-JUL-1993:07:26:39,182.920972,-2.436469,183.159694,-2.547692,947.363,0.13,False,False,False
10341/o91p07010_spt.fits,LINEAR-2002T7-OFF,COMET,COMET,J2000,07-JUN-2004:07:21:18,143.004149,-10.178535,143.180583,-10.267957,703.105,0.04,False,False,True
6679/u35fn201t_shm.fits,HYAKUTAKE-2,COMET HYAKUTAKE,COMET,J2000,01-APR-1996:01:53:39,48.326503,54.597100,48.379332,54.739472,524.206,0.09,False,False,False
6679/z35fn601t_shf.fits,SPYBAL,COMET HYAKUTAKE,COMET,J2000,01-APR-1996:13:07:33,48.056902,53.173540,48.104959,53.306117,488.380,0.09,False,False,False
6679/y35fn301t_shf.fits,HYAKUTAKE-2,COMET HYAKUTAKE,COMET,J2000,01-APR-1996:08:23:24,48.167452,53.765617,48.215421,53.891570,464.745,0.09,False,False,False
6679/z35fn602t_shf.fits,HYAKUTAKE-2,COMET HYAKUTAKE,COMET,J2000,01-APR-1996:13:22:30,48.056902,53.173540,48.099339,53.276038,380.161,0.09,False,False,False
14257/ocyg38010_spt.fits,C2013US10-OFFSET,COMET,COMET,J2000,20-DEC-2015:01:35:57,214.372526,2.685639,214.287897,2.744128,370.062,1.13,False,False,True
14103/icvba1adq_spt.fits,252P-2,COMET,COMET,J2000,21-MAR-2016:01:09:58,251.382847,-77.817752,251.535304,-77.733970,323.226,0.00,False,False,False
3707/w1a30101t_shf.fits,SCHAUMASSE,COMET SCHAUMASSE,COMET,J2000,03-MAR-1993:03:30:38,78.485468,44.862347,78.597789,44.890656,304.124,0.02,False,False,False
2442/z0yy0e01t_shf.fits,WAVE,,COMET,J2000,11-JUL-1992:23:35:35,166.100146,59.813282,166.124302,59.887603,271.096,0.07,False,False,True
2442/z0yy0c01t_shf.fits,SPYBAL,,COMET,J2000,11-JUL-1992:21:59:43,165.978860,59.973801,165.994836,60.046552,263.479,0.07,False,False,False
2442/z0yy0401t_shf.fits,WAVE,,COMET,J2000,09-JUL-1992:20:10:10,161.224515,64.803824,161.228489,64.873093,249.443,0.08,False,False,False
4549/w1kg0101t_shf.fits,COMET-WKI1,"COMET WKI NUCLEUS, PHASE = 31 DEGREES",COMET,B1950,15-SEP-1993:16:48:39,71.429900,-12.768169,71.492950,-12.766442,221.456,0.21,False,False,False
2483/y0yz0602t_shf.fits,COMET-SL-1991A1,COMET SHOEMAKER LEVY 1991A1,COMET,J2000,06-JUL-1992:05:37:53,147.935390,72.236629,147.907653,72.291877,201.205,0.08,False,False,False
2442/w0yy0201t_shf.fits,COMET-SL-1991A1,COMET SHOEMAKER LEVY 1991A1,COMET,J2000,09-JUL-1992:18:44:09,161.045839,64.953138,161.067221,65.007456,198.236,0.08,False,False,False
2483/y0yz0401t_shf.fits,COMET-SL-1991A1,,COMET,J2000,06-JUL-1992:03:53:45,147.571620,72.368334,147.545619,72.422309,196.359,0.08,False,False,False
13229/ic7i31u0q_spt.fits,ISON-DEC2013-OFFSET,COMET,COMET,J2000,18-DEC-2013:22:23:30,243.105416,25.653114,243.107580,25.705307,188.024,0.00,False,False,True
5844/u2xc0101t_shm.fits,HALE-BOPP,COMET HALE-BOPP,COMET,J2000,26-SEP-1995:16:05:39,274.117198,-29.476648,274.066465,-29.499461,178.939,0.04,False,False,False
5844/u2xc0102t_shm.fits,HALE-BOPP,COMET HALE-BOPP,COMET,J2000,26-SEP-1995:16:16:09,274.117128,-29.476388,274.066378,-29.499120,178.855,0.04,False,False,False
5844/y2xc0201t_shf.fits,HALE-BOPP,COMET HALE-BOPP,COMET,J2000,27-SEP-1995:08:09:55,274.109514,-29.445298,274.059120,-29.468101,178.026,0.04,False,False,False
5844/z2xc0301t_shf.fits,SPYBAL,COMET HALE-BOPP,COMET,J2000,27-SEP-1995:14:32:05,274.106817,-29.432748,274.056583,-29.455679,177.809,0.04,False,False,False
5844/z2xc0302t_shf.fits,HALE-BOPP,COMET HALE-BOPP,COMET,J2000,27-SEP-1995:14:43:43,274.106817,-29.432748,274.056509,-29.455300,177.387,0.04,False,False,False
2442/z0yy0e02t_shf.fits,COMET-SL-OFFSET,,COMET,J2000,12-JUL-1992:00:23:47,166.100146,59.813282,166.188941,59.807605,162.040,0.07,False,False,True
2442/z0yy0402t_shf.fits,COMET-SL-1991A1,,COMET,J2000,09-JUL-1992:20:58:22,161.224515,64.803824,161.318183,64.797674,145.268,0.08,False,False,False
14257/ocyg43010_spt.fits,C2013X1-OFFSET,COMET,COMET,J2000,11-JUN-2016:15:59:36,327.147822,-30.610044,327.109315,-30.631118,141.376,0.08,True,False,True
8876/u6aj1301r_shm.fits,LINEAR-OFF2,Comet,COMET,J2000,05-AUG-2000:09:21:07,185.702664,2.671744,185.665354,2.675062,134.701,0.00,False,False,True
16904/iesz01jsq_spt.fits,COMET-108P-CIFFREO,COMET,COMET,J2000,05-FEB-2022:12:38:00,99.917139,40.135000,99.879029,40.137348,105.228,4.77,False,False,False
15372/idpyd1tsq_spt.fits,46P-WIRTANEN-V21-24,COMET,COMET,J2000,13-DEC-2018:09:16:21,53.710565,10.601483,53.683024,10.597550,98.478,0.00,True,False,False
14257/ocyg39010_spt.fits,C2013X1,COMET,COMET,J2000,10-JUN-2016:12:59:12,329.259655,-28.911136,329.237675,-28.929295,95.238,0.08,True,False,False
9185/o6gr03010_spt.fits,2000WM1,Comet,COMET,J2000,09-DEC-2001:23:21:46,5.517671,-24.260678,5.502724,-24.280408,86.321,0.08,False,False,False
2231/w0sb0101t_shf.fits,COMET-FAYE-1984XI,COMET FAYE 1984XI,COMET,B1950,29-OCT-1991:08:30:39,27.391852,5.603137,27.371191,5.598248,76.090,0.01,True,False,False
9496/o8fy01010_spt.fits,IKEYA-ZHANG,Comet,COMET,J2000,20-APR-2002:07:43:33,335.115352,59.666439,335.078266,59.674676,73.651,0.07,False,False,False
14498/id3t01n9q_spt.fits,P2010-V-C-OFFSET,COMET,COMET,J2000,12-APR-2016:16:01:52,140.869421,18.829500,140.888557,18.822355,70.093,0.00,False,False,True
15978/ie1qb3llq_spt.fits,289P-20191202,COMET,COMET,J2000,25-DEC-2019:02:24:30,346.145486,5.232244,346.136672,5.247301,62.744,11.98,True,False,False
8876/u6aj1201r_shm.fits,LINEAR-OFF1,Comet,COMET,J2000,05-AUG-2000:11:00:07,185.722091,2.566353,185.707405,2.557599,61.506,0.00,False,False,True
14474/id3a01j1q_spt.fits,P2010V1-D-OFFSET,COMET,COMET,J2000,26-JAN-2016:13:14:28,136.278553,36.904956,136.297956,36.898467,60.547,1.26,False,False,True
8276/o67r01010_spt.fits,LINEAR,Comet,COMET,J2000,05-JUL-2000:19:03:51,43.274184,47.926995,43.286197,47.938080,49.317,0.08,False,False,False
8876/u6aj1101r_shm.fits,LINEAR,Comet,COMET,J2000,05-AUG-2000:04:31:07,185.535161,3.035916,185.539888,3.024099,45.809,0.00,False,False,False
16929/iets01jyq_spt.fits,C2021-A1,COMET,COMET,J2000,05-APR-2022:23:39:26,314.379436,-35.810414,314.363909,-35.809081,45.585,0.73,True,False,False
14257/ocyg34010_spt.fits,C2013US10,COMET,COMET,J2000,19-DEC-2015:22:34:50,214.292229,2.605042,214.291841,2.617590,45.192,1.13,False,False,False
17830/ifkp03eeq_spt.fits,3I-ATLAS-OCT29,COMET,COMET,J2000,30-NOV-2025:19:06:02,180.631009,0.396318,180.619823,0.398169,40.819,0.35,True,False,False
12792/ibwz01gpq_spt.fits,LOVEJOY,COMET,COMET,J2000,07-JAN-2012:06:14:47,263.153780,-83.192703,263.172615,-83.202978,37.853,0.00,False,False,False
16929/iets04kuq_spt.fits,C2021-A1-B,COMET,COMET,J2000,07-JUN-2022:16:39:27,268.291851,-37.298446,268.284893,-37.290009,36.326,0.91,True,False,False
16089/ie8x01cvq_spt.fits,C2019Y4-OFFSET,COMET,COMET,J2000,20-APR-2020:10:18:20,90.259599,64.319926,90.236603,64.318772,36.115,0.12,False,False,True
4549/y1kg0201t_shf.fits,COMET-WKI1,"COMET WKI NUCLEUS, PHASE = 31 DEGREES",COMET,B1950,15-SEP-1993:14:48:56,71.454261,-12.767461,71.464257,-12.767283,35.102,0.21,False,False,False
17780/lfee01feq_spt.fits,3IATLAS,COMET,COMET,J2000,16-DEC-2025:00:41:53,165.226534,5.834119,165.217760,5.836207,32.309,0.39,True,False,False
7315/o5jh01010_spt.fits,COMET-LEE,COMET,COMET,J2000,07-JUN-1999:01:17:22,127.058928,9.529989,127.057068,9.538401,30.992,0.07,False,False,False
11972/ubaj6101m_shm.fits,C1995O1-HALE-BOPP,COMET,COMET,J2000,07-MAR-2009:22:23:35,25.360165,-83.619153,25.285208,-83.620944,30.671,12.13,True,False,False
12312/lbk606iqq_spt.fits,103P-HARTLEY-2-B,COMET,COMET,J2000,04-NOV-2010:05:01:35,106.590089,7.204775,106.591606,7.196651,29.744,0.00,True,False,False
13492/lccw05exq_spt.fits,COMET-ISON-EPOCH2,COMET,COMET,J2000,01-NOV-2013:15:00:15,168.890625,5.950924,168.897456,5.947381,27.585,0.00,False,False,False
16111/ie9c11ddq_spt.fits,C2019-Y4,COMET,COMET,J2000,20-APR-2020:13:28:39,90.101220,64.275677,90.084468,64.273488,27.337,0.12,True,False,False
13229/ic7i30trq_spt.fits,ISON-DEC2013,COMET,COMET,J2000,18-DEC-2013:20:54:02,243.097373,25.510796,243.097761,25.517951,25.788,0.00,False,False,False
18152/ifle03geq_spt.fits,3I-ATLAS-DEC1,COMET,COMET,J2000,27-DEC-2025:16:00:39,151.468214,10.365016,151.461155,10.366516,25.574,0.40,True,False,False
14103/icvb12coq_spt.fits,252P-1,COMET,COMET,J2000,14-MAR-2016:05:49:33,88.353898,-55.287313,88.354852,-55.293899,23.787,0.00,False,False,False
7312/o421a1010_spt.fits,ENCKE,COMET,COMET,J2000,01-JUL-1997:05:11:40,117.763543,-37.039713,117.770465,-37.043312,23.737,0.08,False,False,False
7428/u4jm0104r_shm.fits,TEMPEL-TUTTLE,COMET,COMET,J2000,09-JAN-1998:13:12:39,185.448208,51.833519,185.446280,51.839657,22.509,0.00,False,False,False
7315/o5jh11010_spt.fits,COMET-LEE2,COMET,COMET,J2000,21-AUG-1999:07:50:13,103.194283,44.977184,103.188637,44.981919,22.299,0.14,False,False,False
18152/ifle04pdq_spt.fits,3I-ATLAS-DEC17,COMET,COMET,J2000,07-JAN-2026:15:33:37,138.546658,14.055933,138.540475,14.056868,21.851,0.42,True,False,False
6591/y3a40501t_shf.fits,HYAKUTAKE,COMET HYAKUTAKE,COMET,J2000,02-JUN-1996:09:37:41,47.678993,-24.190420,47.682332,-24.195204,20.415,0.08,False,False,False
18152/ifle06tjq_spt.fits,3I-ATLAS-DEC29,COMET,COMET,J2000,22-JAN-2026:13:12:53,123.880830,17.365999,123.874991,17.366427,20.122,0.45,True,False,False
15978/ie1q35i2q_spt.fits,289P-20191217,COMET,COMET,J2000,07-JAN-2020:05:04:48,0.236847,39.387932,0.239709,39.393002,19.915,2.06,False,False,False
13874/lcsk03evs_spt.fits,COMET-LOVEJOY,COMET,COMET,J2000,02-FEB-2015:20:54:16,33.217353,40.830089,33.213799,40.834396,18.279,0.20,False,False,False
18135/lfnc21qnq_spt.fits,C2025K1V2,COMET,COMET,J2000,08-NOV-2025:14:55:13,171.470097,15.311758,171.468721,15.316455,17.572,0.29,False,False,False
9496/o8fy07010_spt.fits,IKEYA-ZHANG-2,Comet,COMET,J2000,23-APR-2002:02:46:48,323.281643,61.119564,323.273211,61.121907,16.913,0.07,False,False,False
6591/u3a4040bt_shm.fits,HYAKUTAKE,COMET HYAKUTAKE,COMET,J2000,02-JUN-1996:03:38:39,47.492441,-23.863719,47.495213,-23.867541,16.511,0.08,False,False,False
17780/lfee15egq_spt.fits,3IATLAS-JPL44,COMET,COMET,J2000,22-DEC-2025:21:27:58,157.214428,8.533209,157.209891,8.534117,16.479,0.38,True,False,False
6841/u33k0104t_shm.fits,COMET-45P,COMET 45P-HONDA-MRKOS-PAJDUSAKOVA,COMET,J2000,04-FEB-1996:18:09:09,241.427284,-0.119625,241.423017,-0.118046,16.380,0.10,False,False,False
7240/u46s0101r_shm.fits,COMET1995O1,COMET,COMET,J2000,28-AUG-1997:00:36:39,116.682119,-23.385360,116.684245,-23.389080,15.125,0.33,False,False,False
9906/o8vk01010_spt.fits,NEAT-2001Q4,COMET,COMET,J2000,25-APR-2004:20:05:19,74.073644,-57.790203,74.079648,-57.787514,15.049,0.00,False,False,False
5361/u2ke0105t_shm.fits,COMET-BORRELLY-1987XXXIII,COMET BORRELLY 1987XXXIII,COMET,B1950,28-NOV-1994:10:14:39,132.497612,34.514340,132.501528,34.516973,14.991,0.12,True,False,False
5844/u2xc0504t_shm.fits,HALE-BOPP-3,COMET HALE-BOPP,COMET,J2000,20-MAY-1996:12:19:39,294.170980,-15.753663,294.174325,-15.751120,14.767,0.06,False,False,False
5844/u2xc0501t_shm.fits,HALE-BOPP-3,COMET HALE-BOPP,COMET,J2000,20-MAY-1996:10:49:39,294.179977,-15.758997,294.183321,-15.756456,14.763,0.06,False,False,False
5844/y2xc0601t_shf.fits,HALE-BOPP-3,COMET HALE-BOPP,COMET,J2000,20-MAY-1996:22:01:35,294.112371,-15.719182,294.115648,-15.716587,14.702,0.06,False,False,False
18152/ifle07acq_spt.fits,3I-ATLAS-JAN26,COMET,COMET,J2000,14-FEB-2026:20:14:16,109.808404,19.557794,109.804156,19.557634,14.423,0.49,True,False,False
16496/iej401jvq_spt.fits,323P,COMET,COMET,J2000,02-MAR-2021:11:02:27,65.354211,24.874516,65.358589,24.874932,14.377,0.04,False,False,False
15372/idpya5h6q_spt.fits,46P-WIRTANEN-V95-88,COMET,COMET,J2000,25-DEC-2018:10:31:47,85.586250,49.129239,85.590519,49.131988,14.110,0.00,True,False,False
15625/ldx601o1q_spt.fits,46P-WIRTANEN,COMET,COMET,J2000,09-JAN-2019:17:59:42,125.247545,59.521448,125.254293,59.521424,12.323,0.01,True,False,False
13492/lccw01l6q_spt.fits,COMET-ISON-EPOCH1,COMET,COMET,J2000,08-OCT-2013:20:03:36,148.112740,15.831124,148.115985,15.829785,12.226,0.00,False,False,False
14261/jcz301010_spt.fits,COMET-67P-CHURYUMOV-GERASIMENK,COMET,COMET,J2000,10-OCT-2015:11:22:27,148.655018,17.893545,148.658313,17.892636,11.753,0.39,True,False,False
12312/lbk611a5q_spt.fits,103P-HARTLEY-2-C,COMET,COMET,J2000,28-NOV-2010:15:24:12,114.766060,-14.663572,114.764146,-14.666206,11.591,0.00,False,False,False
6841/u33k0101t_shm.fits,COMET-45P,COMET 45P-HONDA-MRKOS-PAJDUSAKOVA,COMET,J2000,04-FEB-1996:17:55:39,241.460358,-0.131827,241.457363,-0.130717,11.501,0.10,False,False,False
6663/y3du0601t_shf.fits,HALE-BOPP-3,COMET HALE-BOPP,COMET,J2000,18-OCT-1996:15:09:22,263.333142,-4.120160,263.335854,-4.121804,11.393,0.26,False,False,False
10992/j9ms04bqq_spt.fits,73P-SW3-B,COMET,COMET,J2000,18-APR-2006:23:02:38,225.939611,27.519551,225.936733,27.521246,11.031,0.03,False,False,False
6663/u3du0501t_shm.fits,HALE-BOPP-3,COMET HALE-BOPP,COMET,J2000,17-OCT-1996:14:55:39,263.241743,-4.174150,263.244246,-4.175906,10.989,0.25,False,False,False
10992/j9ms03alq_spt.fits,73P-SW3-G,COMET,COMET,J2000,18-APR-2006:13:26:57,224.785167,27.564193,224.782310,27.565844,10.886,0.03,False,False,False
15625/ldx625e5q_spt.fits,46P-WIRTANEN-OFFSET2,COMET,COMET,J2000,13-JAN-2019:15:47:49,130.599570,59.206970,130.602751,59.204429,10.866,0.00,True,False,True
3707/y1a30201t_shf.fits,SCHAUMASSE,COMET SCHAUMASSE,COMET,J2000,03-MAR-1993:02:46:52,78.558670,44.880818,78.562682,44.881826,10.858,0.02,False,False,False
10992/j9ms02avq_spt.fits,73P-SW3-C,COMET,COMET,J2000,18-APR-2006:15:04:20,230.715074,25.884788,230.712440,25.886582,10.701,0.02,False,False,False
15978/ie1q16quq_spt.fits,289P-20200129,COMET,COMET,J2000,19-FEB-2020:14:26:11,142.776502,39.553410,142.777641,39.550614,10.551,1.88,False,False,False
16040/ie7s01piq_spt.fits,2IV4,COMET,COMET,J2000,08-DEC-2019:17:04:02,172.145845,-18.437367,172.147220,-18.439897,10.245,0.15,True,False,False
6663/u3du0301t_shm.fits,HALE-BOPP-2,COMET HALE-BOPP,COMET,J2000,23-SEP-1996:03:57:39,262.525022,-5.377184,262.527364,-5.378795,10.202,0.19,False,False,False
5829/y3490201p_shf.fits,SW1,COMET SCHWASSMANN-WACHMANN-1,COMET,J2000,11-MAR-1996:23:15:29,156.812788,4.342270,156.810092,4.343141,10.172,0.13,False,False,False
7594/u3x40101m_shm.fits,SPACEWATCH,COMET,COMET,J2000,07-MAY-1997:00:28:39,133.374605,12.175151,133.371889,12.175920,9.951,0.07,False,False,True
16043/ie8501a6q_spt.fits,I2-BOROSOV,COMET,COMET,J2000,23-DEC-2019:01:58:49,177.989951,-29.474831,177.991259,-29.477338,9.910,0.01,False,False,False
15372/idpyc1c7q_spt.fits,46P-WIRTANEN-V11-14,COMET,COMET,J2000,03-DEC-2018:04:28:45,40.199974,-16.381257,40.201158,-16.378757,9.886,0.00,True,False,False
6663/y3du0401t_shf.fits,HALE-BOPP-2,COMET HALE-BOPP,COMET,J2000,23-SEP-1996:10:24:21,262.516069,-5.364247,262.518341,-5.365753,9.784,0.19,False,False,False
16044/je7m06ifq_spt.fits,BORISOV-VISIT6,COMET,COMET,J2000,28-JAN-2020:08:41:45,190.294175,-53.247045,190.295422,-53.249591,9.551,0.06,True,False,False
15625/ldx603b3q_spt.fits,46P-WIRTANEN-OFFSET1,COMET,COMET,J2000,12-JAN-2019:17:34:22,129.480443,59.317873,129.485214,59.316821,9.549,0.01,True,False,True
18152/ifle01fbq_spt.fits,3I-ATLAS-OCT10,COMET,COMET,J2000,30-NOV-2025:20:40:06,180.564798,0.417761,180.562388,0.418621,9.211,0.34,False,False,False
16044/je7m03awq_spt.fits,BORISOV-VISIT3,COMET,COMET,J2000,14-DEC-2019:17:38:25,174.634088,-23.084903,174.635303,-23.087190,9.162,0.02,False,False,False
7428/u4jm0101r_shm.fits,TEMPEL-TUTTLE,COMET,COMET,J2000,09-JAN-1998:12:57:09,185.458357,51.799394,185.457521,51.801871,9.110,0.00,False,False,False
8699/u65z7i01r_shm.fits,MCNAUGHT,Comet,COMET,J2000,01-FEB-2001:11:34:06,246.066488,15.035975,246.067913,15.037938,8.631,0.17,False,False,False
5361/u2ke0101t_shm.fits,COMET-BORRELLY-1987XXXIII,COMET BORRELLY 1987XXXIII,COMET,B1950,28-NOV-1994:09:56:39,132.491328,34.505839,132.493986,34.506772,8.572,0.12,True,False,False
10625/j9fr01010_spt.fits,73P-SW3-C,COMET,COMET,J2000,10-APR-2006:23:11:28,225.027843,22.846905,225.025799,22.848284,8.405,0.06,True,False,False
14261/jcz304010_spt.fits,COMET-67P-CHURYUMOV-GER-UPDATE,COMET,COMET,J2000,10-NOV-2015:00:36:25,166.857865,12.445994,166.860128,12.445281,8.359,0.04,True,False,False
16049/le7i12e5q_spt.fits,BORISOV-JPL49,COMET,COMET,J2000,30-DEC-2019:23:06:24,181.031473,-35.323010,181.032563,-35.325111,8.211,0.03,True,False,False
8699/u65z7u01m_shm.fits,SW3C,Comet,COMET,J2000,02-NOV-2001:13:45:07,45.283416,9.376220,45.281176,9.375834,8.075,0.81,False,False,False
13474/jcdj01010_spt.fits,ISON,COMET,COMET,J2000,26-OCT-2013:20:12:01,162.239344,9.340146,162.241368,9.339147,8.043,0.80,False,False,False
16049/le7i13feq_spt.fits,BORISOV-JPL50,COMET,COMET,J2000,13-JAN-2020:15:56:47,185.913134,-44.701660,185.914208,-44.703734,7.955,0.02,True,False,False
16049/le7i01oeq_spt.fits,BORISOV,COMET,COMET,J2000,11-DEC-2019:18:08:52,173.410028,-20.786619,173.411084,-20.788585,7.918,0.02,True,False,False
16044/je7m04evq_spt.fits,BORISOV-VISIT4-5,COMET,COMET,J2000,06-JAN-2020:18:44:28,183.535311,-40.138095,183.536354,-40.140107,7.793,0.05,True,False,False
16418/ief501faq_spt.fits,2020F3,COMET,COMET,J2000,08-AUG-2020:05:00:59,199.911242,15.982021,199.912691,15.980401,7.692,0.01,False,False,False
8699/u65z7l01r_shm.fits,FINLAY,Comet,COMET,J2000,21-MAY-2001:03:59:07,236.363446,-21.535727,236.361201,-21.535371,7.626,0.74,False,False,False
13199/jc7f01010_spt.fits,ISON,COMET,COMET,J2000,07-MAY-2013:20:13:39,101.129721,29.196065,101.131990,29.195326,7.612,0.33,False,False,False
12607/lbws14s6q_spt.fits,C-2009P1-GARRADD-NEW,COMET,COMET,J2000,19-JAN-2012:03:26:24,261.595542,33.852767,261.595120,33.854761,7.289,0.07,False,False,False
9062/o6ja01010_spt.fits,BORRELLY,COMET,COMET,J2000,21-SEP-2001:15:56:09,117.467731,20.502708,117.469780,20.503156,7.096,0.04,True,False,False
16044/je7m01euq_spt.fits,BORISOV,COMET,COMET,J2000,25-NOV-2019:19:14:35,166.675456,-8.691607,166.676460,-8.693305,7.080,0.17,True,False,False
14103/icvbb1e3q_spt.fits,252P-3,COMET,COMET,J2000,04-APR-2016:16:08:41,263.529305,-5.192281,263.529274,-5.190319,7.065,0.00,False,False,False
12312/lbk616xmq_spt.fits,103P-HARTLEY-2,COMET,COMET,J2000,25-SEP-2010:01:15:20,358.880092,51.604955,358.881538,51.606656,6.924,0.00,True,False,False
17302/if3w01hjq_spt.fits,96P-FIELD1,COMET,COMET,J2000,20-JUN-2023:16:07:58,273.989982,-17.817539,273.988071,-17.817943,6.709,0.31,False,False,False
16770/oeok05010_spt.fits,67P-CHURYUMOV-GERASIMENKO-V5,COMET,COMET,J2000,11-DEC-2021:05:29:34,134.543187,27.381913,134.545204,27.382362,6.647,0.07,False,False,False
17302/if3w03maq_spt.fits,96P-FIELD3,COMET,COMET,J2000,21-JUN-2023:11:08:49,273.534608,-17.955262,273.532716,-17.955658,6.636,0.32,False,False,False
17302/if3w04mxq_spt.fits,96P-FIELD4,COMET,COMET,J2000,21-JUN-2023:14:18:58,273.465744,-17.990533,273.463856,-17.990927,6.618,0.32,False,False,False
17302/if3w06klq_spt.fits,96P-FIELD6,COMET,COMET,J2000,21-JUN-2023:06:23:51,273.707277,-18.038767,273.705392,-18.039160,6.607,0.32,False,False,False
17302/if3w07lqq_spt.fits,96P-FIELD7,COMET,COMET,J2000,21-JUN-2023:09:33:45,273.638580,-18.073678,273.636699,-18.074069,6.590,0.32,False,False,False
8699/u65z8901r_shm.fits,WEST,Comet,COMET,J2000,12-APR-2001:18:21:07,212.923374,29.687215,212.921285,29.687416,6.574,0.91,True,False,False
17302/if3w02w1q_spt.fits,96P-FIELD2,COMET,COMET,J2000,23-JUN-2023:13:51:13,272.279297,-18.194525,272.277447,-18.194905,6.474,0.32,False,False,False
17302/if3w05wiq_spt.fits,96P-FIELD5,COMET,COMET,J2000,23-JUN-2023:15:26:18,272.273561,-18.257472,272.271717,-18.257850,6.448,0.32,False,False,False
8699/u65z6501r_shm.fits,SWIFT,Comet,COMET,J2000,01-MAR-2001:12:38:06,155.101112,3.754936,155.099416,3.755500,6.423,0.90,True,False,False
8699/u65z1f01r_shm.fits,BUS,Comet,COMET,J2000,07-JUN-2001:13:37:07,260.562895,-18.865677,260.561042,-18.865551,6.327,0.18,True,False,False
11226/ua320101m_shm.fits,COMET-8P-TUTTLE,COMET-8P-TUTTLE,COMET,J2000,10-DEC-2007:00:56:09,346.669957,78.699865,346.670709,78.698118,6.312,0.19,True,False,False
16009/ie6k01u3q_spt.fits,C2019-Q4,COMET,COMET,J2000,12-OCT-2019:13:47:56,146.938255,18.125195,146.939510,18.123932,6.255,0.08,False,False,False
16040/ie7s02ddq_spt.fits,2IV5,COMET,COMET,J2000,27-JAN-2020:11:59:54,190.069929,-52.795083,190.070735,-52.796727,6.176,0.06,True,False,False
16770/leok03wmq_spt.fits,67P-CHURYUMOV-GERASIMENKO,COMET,COMET,J2000,21-OCT-2021:20:13:34,98.440551,25.385277,98.442406,25.385495,6.082,0.01,False,False,False
8699/u65z7w01m_shm.fits,SW3CB,Comet,COMET,J2000,26-NOV-2001:05:28:07,39.082146,8.616046,39.080446,8.615886,6.081,0.01,True,False,False
8699/u65z1701r_shm.fits,SHAJN,Comet,COMET,J2000,05-AUG-2000:06:38:07,305.591855,-13.407018,305.590287,-13.407589,5.862,0.22,True,False,False
6634/u3fb0101t_shm.fits,WIRTANEN,COMET 46P/WIRTANEN,COMET,J2000,28-AUG-1996:09:16:29,322.067614,-32.649305,322.065831,-32.649827,5.722,0.03,True,False,False
8699/u65z4101r_shm.fits,SCHAUMASSE,Comet,COMET,J2000,19-NOV-2000:04:47:06,30.595366,-0.915914,30.593824,-0.916011,5.560,0.47,True,False,False
8274/u5fz0607r_shm.fits,SCHUSTER,Comet,COMET,J2000,18-OCT-1999:17:35:08,6.771415,-28.031678,6.769885,-28.031047,5.367,0.14,True,False,False
10341/o91p01010_spt.fits,LINEAR-2002T7,COMET,COMET,J2000,06-JUN-2004:04:20:22,142.094895,-10.603848,142.096282,-10.603297,5.294,0.04,False,False,False
15978/ie1q09bxq_spt.fits,289P,COMET,COMET,J2000,02-DEC-2019:06:10:34,337.903273,-15.348027,337.901822,-15.347580,5.289,12.90,True,False,False
7916/u4iq0101r_shm.fits,TEMPEL-1,COMET,COMET,J2000,31-DEC-1997:10:58:39,81.838245,27.288274,81.836609,27.288280,5.234,0.01,False,False,False
8699/u65z5701r_shm.fits,GEHRELS3,Comet,COMET,J2000,30-NOV-2000:12:42:06,63.932922,21.092811,63.931415,21.092555,5.144,0.77,False,False,False
13866/iclu10hdq_spt.fits,MBC-2013P5-EPOCH-A,COMET,COMET,J2000,17-NOV-2014:18:00:25,167.335840,2.049913,167.337090,2.049270,5.061,1.43,False,False,False
16044/je7m07gbq_spt.fits,BORISOV-VISIT7,COMET,COMET,J2000,02-MAR-2020:20:38:43,194.504747,-66.274557,194.504525,-66.275908,4.873,0.16,True,False,False
8699/u65z7301r_shm.fits,SMIRNOVA,Comet,COMET,J2000,03-MAR-2001:12:54:06,178.576680,10.589496,178.575476,10.590093,4.773,0.14,False,False,False
14458/id2l01bhq_spt.fits,324P-LA-SAGRA,ASTEROID,COMET,J2000,07-DEC-2015:03:44:51,308.307377,-2.285444,308.308643,-2.285163,4.667,0.28,False,False,False
16041/ie7f08o1q_spt.fits,C2019-Q4-V8,COMET,COMET,J2000,29-JAN-2020:11:37:34,190.580248,-53.828304,190.580844,-53.829548,4.652,0.07,True,False,False
13609/ice606g9q_spt.fits,MBC-2013P5-2014,COMET,COMET,J2000,31-DEC-2013:02:38:38,353.197416,2.292316,353.198636,2.292739,4.646,0.31,False,False,False
10115/j8xk01010_spt.fits,9P-TEMPEL-1,COMET,COMET,J2000,07-MAY-2004:21:49:38,102.724825,29.568522,102.726287,29.568359,4.617,0.02,True,False,False
7313/o48101010_spt.fits,HALE-BOPP,COMET,COMET,J2000,27-AUG-1997:02:00:33,116.480192,-23.011924,116.480734,-23.013098,4.593,0.09,False,False,False
8699/u65z8101r_shm.fits,KOJIMA,Comet,COMET,J2000,29-MAR-2001:05:35:07,195.292801,4.687206,195.291644,4.687742,4.578,0.54,False,False,False
12053/ibe201ahq_spt.fits,P2010-A2,COMET,COMET,J2000,25-JAN-2010:02:17:41,102.490636,27.565434,102.489215,27.565292,4.565,0.17,False,False,False
14474/id3a07i7q_spt.fits,P2010V1-D,COMET,COMET,J2000,22-MAR-2016:04:54:53,134.061526,25.727177,134.062300,25.726121,4.555,0.12,False,False,False
16009/ie6k06evq_spt.fits,C2019-Q4-V6,COMET,COMET,J2000,09-DEC-2019:12:05:09,172.477344,-19.050612,172.477945,-19.051718,4.478,0.03,True,False,False
8274/u5fz0507r_shm.fits,FORBES,Comet,COMET,J2000,13-SEP-1999:13:10:38,6.292954,9.387293,6.291744,9.386997,4.426,0.31,True,False,False
6630/u3cn0101t_shm.fits,KOPFF,COMET 22P/KOPFF,COMET,J2000,18-JUL-1996:08:28:39,290.915345,-20.387673,290.914073,-20.387884,4.360,0.05,True,False,False
16009/ie6k05gdq_spt.fits,C12019-Q4-V5,COMET,COMET,J2000,16-NOV-2019:04:47:31,162.504420,-1.867596,162.505058,-1.868578,4.217,0.15,False,False,False
13612/icgi05tfq_spt.fits,P2013R3-EPOCH5,COMET,COMET,J2000,13-FEB-2014:09:56:18,27.567966,12.161047,27.569083,12.161460,4.203,0.35,False,False,False
12305/ibj101efq_spt.fits,P-2010-A2,COMET,COMET,J2000,06-JUN-2011:13:43:17,251.755194,-30.368311,251.753911,-30.368150,4.026,0.01,False,False,False
13863/jcis01010_spt.fits,COMET-67P-CHURYUMOV-GERASIMENK,COMET,COMET,J2000,18-AUG-2014:06:33:09,281.255364,-31.016445,281.254072,-31.016379,3.992,0.29,True,False,False
7204/y3dj0101t_shf.fits,COMET-WIRTANEN,COMET COMET P/WIRTANEN,COMET,J2000,22-JUL-1996:17:11:03,332.086593,-26.993040,332.085664,-26.993771,3.977,0.64,True,False,False
16009/ie6k07y3q_spt.fits,C2019-Q4-V7,COMET,COMET,J2000,03-JAN-2020:03:19:47,182.214797,-37.599960,182.215325,-37.600980,3.965,0.04,True,False,False
6663/y3du0201m_shf.fits,HALE-BOPP-1,COMET HALE-BOPP,COMET,J2000,26-JUL-1996:06:18:06,274.637841,-9.418673,274.636769,-9.418496,3.859,0.03,False,False,False
6591/u3a40101t_shm.fits,KOPFF,COMET 22P/KOPFF,COMET,J2000,18-JUN-1996:07:50:39,289.605401,-16.728882,289.604297,-16.729027,3.841,0.08,False,False,False
8274/u5fz0707r_shm.fits,WISEMAN,Comet,COMET,J2000,14-JAN-2000:11:03:10,49.346011,21.546528,49.346716,21.545714,3.765,0.01,False,False,False
12077/ibe404fbq_spt.fits,P2010-A2-3,COMET,COMET,J2000,19-APR-2010:16:37:59,115.404824,21.189939,115.405900,21.189684,3.728,0.40,False,False,False
9713/u8ls0101m_shm.fits,C67P-CG,Comet,COMET,J2000,11-MAR-2003:10:33:38,170.217816,15.705568,170.216802,15.705880,3.688,0.03,True,False,False
8274/u5fz0101r_shm.fits,TEMPEL2,Comet,COMET,J2000,23-JUN-1999:10:45:37,257.747702,-6.921657,257.746676,-6.921660,3.667,0.24,True,False,False
8699/u65z0903r_shm.fits,ASHBROOK,Comet,COMET,J2000,26-JUL-2000:06:54:07,306.857912,-37.693500,306.856636,-37.693633,3.664,0.46,True,False,False
13229/ic7i20nhq_spt.fits,ISON-TRACK2,COMET,COMET,J2000,09-OCT-2013:02:19:49,148.276178,15.762679,148.277148,15.762282,3.654,0.66,False,False,False
8274/u5fz1201r_shm.fits,CLARK,Comet,COMET,J2000,12-MAR-2000:16:46:08,164.411631,22.197165,164.410610,22.197485,3.593,0.73,True,False,False
13612/icgi04ggq_spt.fits,P2013R3-EPOCH4,COMET,COMET,J2000,14-JAN-2014:09:27:59,17.049122,8.133374,17.050042,8.133749,3.547,0.27,False,False,False
16463/iehm01n9q_spt.fits,P2020-O1,ASTEROID,COMET,J2000,25-NOV-2020:06:18:20,318.373807,-14.526419,318.374795,-14.526202,3.532,0.33,False,False,False
8274/u5fz0401r_shm.fits,URATA,Comet,COMET,J2000,08-SEP-1999:14:52:08,327.095826,-51.292416,327.094291,-51.292218,3.530,0.47,False,False,False
8699/u65z2501r_shm.fits,WOLF,Comet,COMET,J2000,17-SEP-2000:05:18:36,336.478158,19.418158,336.477527,19.417388,3.505,0.21,False,False,False
16044/je7m12dvq_spt.fits,BORISOV-VISIT11-OFFSET,COMET,COMET,J2000,15-JUN-2020:17:27:05,193.315644,-62.921177,193.316592,-62.920315,3.472,0.13,True,False,True
6591/u3a40105t_shm.fits,KOPFF,COMET 22P/KOPFF,COMET,J2000,18-JUN-1996:08:04:39,289.606244,-16.729568,289.605281,-16.729828,3.450,0.08,False,False,False
15623/idwo03ieq_spt.fits,P2018P3V3,COMET,COMET,J2000,28-DEC-2018:20:56:26,12.685355,2.245629,12.686120,2.246186,3.404,0.28,False,False,False
8274/u5fz0301r_shm.fits,CIFFREO,Comet,COMET,J2000,15-AUG-1999:12:28:08,324.230619,-35.751834,324.229546,-35.752164,3.352,0.64,False,False,False
6591/y3a40201t_shf.fits,KOPFF,COMET 22P/KOPFF,COMET,J2000,18-JUN-1996:15:55:54,289.638970,-16.756691,289.638058,-16.756997,3.333,0.08,False,False,False
16044/je7m11czq_spt.fits,BORISOV-VISIT11,COMET,COMET,J2000,15-JUN-2020:14:16:31,193.284405,-62.937833,193.285696,-62.937126,3.306,0.13,True,False,False
8274/u5fz1101r_shm.fits,FAYE,Comet,COMET,J2000,07-FEB-2000:14:48:10,149.619943,1.000040,149.619099,1.000391,3.291,0.71,True,False,False
8699/u65z9701r_shm.fits,WILD3,Comet,COMET,J2000,26-MAY-2001:00:52:07,242.784072,-16.985236,242.783125,-16.985349,3.286,0.07,True,False,False
8699/u65z8a01r_shm.fits,SMIRNOVA2,Comet,COMET,J2000,12-APR-2001:03:44:07,172.838384,12.541523,172.837463,12.541678,3.285,0.25,False,False,False
13866/iclu30rlq_spt.fits,MBC-2013P5-JPL19,COMET,COMET,J2000,19-MAR-2015:14:08:58,175.514488,-7.510649,175.513649,-7.510313,3.229,1.74,False,False,False
8274/u5fz0601r_shm.fits,SCHUSTER,Comet,COMET,J2000,18-OCT-1999:17:03:08,6.776460,-28.038157,6.775451,-28.038197,3.209,0.14,True,False,False
8699/u65z4901r_shm.fits,HARTLEY3,Comet,COMET,J2000,24-NOV-2000:11:43:36,58.835409,33.941294,58.834410,33.941019,3.144,0.35,True,False,False
5829/z3490302t_shf.fits,SW1,COMET SCHWASSMANN-WACHMANN-1,COMET,J2000,12-MAR-1996:04:45:01,156.786925,4.350605,156.786102,4.350873,3.108,0.13,False,False,False
14884/iddj01umq_spt.fits,288P,COMET,COMET,J2000,14-DEC-2016:11:09:59,352.794424,-6.649182,352.795196,-6.648796,3.090,6.49,False,False,False
8699/u65z0101r_shm.fits,REINMUTH2,Comet,COMET,J2000,12-JUN-2000:15:11:37,246.675945,-29.174480,246.675003,-29.174282,3.047,0.69,False,False,False
15328/idfu01snq_spt.fits,288P,COMET,COMET,J2000,24-AUG-2017:15:03:17,96.957732,23.084267,96.958644,23.084267,3.018,4.02,False,False,False
8274/u5fz1301r_shm.fits,WILD1,Comet,COMET,J2000,22-APR-2000:04:55:37,204.345950,-32.636633,204.344971,-32.636525,2.994,0.37,True,False,False
13865/icls10a4q_spt.fits,P2013R3-A,ASTEROID,COMET,J2000,29-SEP-2014:01:06:42,120.303604,21.272856,120.304480,21.272707,2.986,0.78,False,False,False
11418/ua5s0101m_shm.fits,17P-HOLMES,COMET,COMET,J2000,29-OCT-2007:12:32:39,57.181023,50.423633,57.179766,50.423822,2.964,0.50,True,False,False
16044/je7m10guq_spt.fits,BORISOV-VISIT9-OFFSET,COMET,COMET,J2000,09-MAY-2020:12:15:38,187.544702,-67.758167,187.544568,-67.757346,2.959,0.23,True,False,True
16041/ie7f09baq_spt.fits,C2019-Q4-V9,COMET,COMET,J2000,24-FEB-2020:02:45:30,194.487046,-64.201420,194.487129,-64.202234,2.933,0.14,True,False,False
8274/u5fz0201r_shm.fits,HOLMES,Comet,COMET,J2000,15-JUN-1999:12:50:07,253.010546,-48.834310,253.009367,-48.834132,2.866,0.92,True,False,False
12077/ibe403xqq_spt.fits,P2010-A2-2,COMET,COMET,J2000,02-APR-2010:06:03:18,108.990837,22.739154,108.991669,22.738948,2.859,0.35,False,False,False
16463/iehm03k7q_spt.fits,P2020-O1-V3,ASTEROID,COMET,J2000,22-JUL-2021:02:22:54,53.268956,16.060202,53.269769,16.060326,2.847,0.98,False,False,False
8274/u5fz0901r_shm.fits,AREND,Comet,COMET,J2000,11-JAN-2000:20:22:40,115.282170,51.244235,115.280918,51.244242,2.820,0.42,True,False,False
8274/u5fz0501r_shm.fits,FORBES,Comet,COMET,J2000,13-SEP-1999:12:40:08,6.298212,9.387731,6.297472,9.387474,2.786,0.31,True,False,False
13475/icdv01iaq_spt.fits,MBC-2013P5,ASTEROID,COMET,J2000,10-SEP-2013:16:48:05,339.770719,0.733457,339.769988,0.733209,2.777,0.05,False,False,False
11998/ibcr01g7q_spt.fits,9P-TEMPEL-1,COMET,COMET,J2000,12-SEP-2009:10:51:59,123.037413,25.885254,123.038255,25.885185,2.738,0.86,True,False,False
17830/ifkp01d1q_spt.fits,3I-ATLAS,COMET,COMET,J2000,21-JUL-2025:16:30:01,259.820057,-18.126953,259.819288,-18.126896,2.639,0.05,False,False,False
8274/u5fz1001r_shm.fits,KEARNS,Comet,COMET,J2000,15-JAN-2000:12:48:40,125.352784,23.248469,125.351996,23.248560,2.627,0.32,True,False,False
16921/ietu01h7q_spt.fits,39P,COMET,COMET,J2000,26-JUL-2022:06:25:59,19.101071,9.756207,19.101713,9.756488,2.490,7.87,False,False,False
8274/u5fz1305r_shm.fits,WILD1,Comet,COMET,J2000,22-APR-2000:05:20:37,204.341225,-32.637793,204.340427,-32.637641,2.479,0.37,True,False,False
16077/ie8v01knq_spt.fits,2019LD2,COMET,COMET,J2000,01-APR-2020:00:11:02,313.438147,-8.258123,313.438806,-8.257918,2.461,1.36,False,False,False
16044/je7m09f5q_spt.fits,BORISOV-VISIT9,COMET,COMET,J2000,09-MAY-2020:04:19:19,187.527837,-67.796996,187.528105,-67.796336,2.405,0.23,True,False,False
6591/u3a40401t_shm.fits,HYAKUTAKE,COMET HYAKUTAKE,COMET,J2000,02-JUN-1996:03:07:39,47.478423,-23.839077,47.479117,-23.839248,2.368,0.08,False,False,False
8699/u65z0901r_shm.fits,ASHBROOK,Comet,COMET,J2000,26-JUL-2000:06:34:07,306.860691,-37.693438,306.859907,-37.693559,2.278,0.46,True,False,False
15623/idwo02byq_spt.fits,P2018P3V2,COMET,COMET,J2000,14-NOV-2018:20:09:44,359.946705,-9.851101,359.947035,-9.850558,2.277,0.16,False,False,False
13610/icgm21j9q_spt.fits,C2013A1-JPL35,COMET,COMET,J2000,21-JAN-2014:12:11:53,45.290573,-36.759438,45.289919,-36.759100,2.245,0.69,False,False,False
13475/icdv02kiq_spt.fits,MBC-2013P5-V2,COMET,COMET,J2000,23-SEP-2013:09:22:29,336.930847,-0.387074,336.930282,-0.387332,2.233,0.07,False,False,False
13612/icgi03yuq_spt.fits,P2013R3-EPOCH3,COMET,COMET,J2000,13-DEC-2013:07:28:21,8.752614,4.743942,8.753172,4.744183,2.182,0.18,False,False,False
10095/j9gr01010_spt.fits,COMET-TEMPEL-1-HERITAGE,COMET,COMET,J2000,30-JUN-2005:08:43:41,202.761362,-8.028774,202.761695,-8.029273,2.151,0.30,True,False,False
13864/icps01vnq_spt.fits,2014S4-GIBBS,ASTEROID,COMET,J2000,14-OCT-2014:13:16:35,15.390788,-13.381486,15.390193,-13.381610,2.128,0.07,False,False,False
15972/idzz01eyq_spt.fits,GAULT,ASTEROID,COMET,J2000,28-AUG-2020:21:29:29,9.687445,9.394273,9.687107,9.393800,2.083,5.22,False,False,False
14798/idaq01b4q_spt.fits,P2012F5,COMET,COMET,J2000,13-FEB-2017:02:22:33,156.332378,-3.642006,156.331855,-3.641796,2.024,5.03,False,False,False
9713/u8ls0105m_shm.fits,C67P-CG,Comet,COMET,J2000,11-MAR-2003:11:00:08,170.212356,15.706814,170.211813,15.707018,2.020,0.03,True,False,False
15405/idqn05kkq_spt.fits,OUMUAMUA,ASTEROID,COMET,J2000,02-JAN-2018:06:07:18,352.940704,9.270432,352.941196,9.270691,1.981,0.00,False,False,False
15481/idsr01i4q_spt.fits,288P,COMET,COMET,J2000,13-NOV-2018:02:10:13,170.067385,7.299527,170.067901,7.299342,1.960,4.54,False,False,False
15421/idr101bqq_spt.fits,41P,COMET,COMET,J2000,11-DEC-2017:04:39:09,314.329554,-18.212617,314.330101,-18.212458,1.956,0.70,True,False,False
11418/ua5s0103m_shm.fits,17P-HOLMES,COMET,COMET,J2000,29-OCT-2007:12:42:09,57.178926,50.424057,57.178105,50.424158,1.917,0.50,True,False,False
8274/u5fz5501r_shm.fits,FORBES2,Comet,COMET,J2000,29-OCT-1999:07:39:08,357.249527,7.153813,357.249057,7.153558,1.912,0.44,True,False,False
14040/ics901dfq_spt.fits,2014S4-GIBBS,ASTEROID,COMET,J2000,01-DEC-2014:04:33:18,11.845838,-10.580255,11.846058,-10.579782,1.872,1.45,False,False,False
5829/u3490102t_shm.fits,SW1,COMET SCHWASSMANN-WACHMANN-1,COMET,J2000,11-MAR-1996:07:56:39,156.877748,4.321391,156.877259,4.321551,1.847,0.13,False,False,False
16309/ieac05urq_spt.fits,C2017-K2-5,COMET,COMET,J2000,16-SEP-2021:12:46:26,254.248096,29.394115,254.248148,29.393620,1.788,1.60,False,False,False
14263/iczu01ftq_spt.fits,324P-LA-SAGRA,ASTEROID,COMET,J2000,28-SEP-2015:23:17:23,288.503836,-4.929170,288.504333,-4.929163,1.786,0.08,False,False,False
8699/u65z7a01r_shm.fits,KUSHIDA,Comet,COMET,J2000,02-JAN-2001:01:37:06,32.773887,11.194485,32.774291,11.194781,1.783,0.35,False,False,False
8231/o5bw01010_spt.fits,COMET-19PBORRELLY,COMET,COMET,J2000,06-JUN-2000:21:16:24,305.126023,-41.721151,305.125629,-41.721545,1.769,0.01,True,False,False
13197/lc7e01ysq_spt.fits,ISON,COMET,COMET,J2000,02-MAY-2013:06:47:46,100.534860,29.407686,100.535371,29.407493,1.747,0.31,False,False,False
8274/u5fz0801r_shm.fits,GICLAS,Comet,COMET,J2000,13-JAN-2000:10:38:10,71.269459,17.558079,71.269015,17.558297,1.715,0.43,False,False,False
16309/ieac04lwq_spt.fits,C2017-K2-4,COMET,COMET,J2000,13-JUN-2021:16:21:52,267.346905,43.478573,267.346349,43.478513,1.468,1.73,False,False,False
15405/idqn04hjq_spt.fits,A-2017-U1-UPDATED,ASTEROID,COMET,J2000,12-DEC-2017:01:34:04,350.222421,7.763453,350.222753,7.763673,1.424,0.11,False,False,False
16310/ieab01fpq_spt.fits,2I-BORISOV,COMET,COMET,J2000,31-JAN-2021:13:32:06,258.305050,-58.099531,258.305711,-58.099703,1.403,0.50,True,False,False
16214/je9u01vcq_spt.fits,2017K2-1,COMET,COMET,J2000,19-MAR-2021:21:48:38,276.843178,38.335025,276.843315,38.335384,1.349,2.25,False,False,False
17291/if3h01biq_spt.fits,COMET-P-2020-MK4,COMET,COMET,J2000,02-JAN-2023:03:49:44,346.456461,-6.726421,346.456818,-6.726302,1.347,2.32,False,False,False
15973/ie0005hnq_spt.fits,C2017K2-V5,COMET,COMET,J2000,13-SEP-2020:03:58:05,256.081056,45.062894,256.081078,45.062524,1.335,1.52,False,False,False
14864/idcw01m1q_spt.fits,288P,ASTEROID,COMET,J2000,26-OCT-2016:18:57:22,345.266357,-11.307046,345.266678,-11.306857,1.324,6.35,False,False,False
16308/iefn01d1q_spt.fits,P2020-O1,ASTEROID,COMET,J2000,24-AUG-2020:10:45:43,302.085533,-14.243521,302.085235,-14.243740,1.304,0.09,False,False,False
5829/u3490101t_shm.fits,SW1,COMET SCHWASSMANN-WACHMANN-1,COMET,J2000,11-MAR-1996:07:45:39,156.878408,4.321180,156.878065,4.321292,1.294,0.13,False,False,False
8274/u5fz0701r_shm.fits,WISEMAN,Comet,COMET,J2000,14-JAN-2000:10:31:10,49.336269,21.552254,49.335966,21.552031,1.292,0.01,False,False,False
13610/icgm31isq_spt.fits,C2013A1-JPL40,COMET,COMET,J2000,11-MAR-2014:02:42:33,39.215619,-29.266160,39.215614,-29.265803,1.285,0.70,False,False,False
17795/ifed01pfq_spt.fits,P2023-V6-JPLV6,COMET,COMET,J2000,05-DEC-2024:12:16:30,107.766487,17.606441,107.766118,17.606457,1.267,1.01,False,False,False
15623/idwo01bqq_spt.fits,P2018P3,COMET,COMET,J2000,28-SEP-2018:18:17:32,0.657442,-18.685190,0.657128,-18.685042,1.193,0.10,False,False,False
16309/ieac01lmq_spt.fits,C2017-K2,COMET,COMET,J2000,06-OCT-2020:08:13:01,257.002857,41.972780,257.003015,41.972475,1.177,1.37,False,False,False
11972/ubaj2101m_shm.fits,C2003O1-LINEAR,COMET,COMET,J2000,13-MAR-2009:13:34:35,177.805264,12.602994,177.804941,12.603073,1.170,4.90,False,False,False
10144/j8z301011_spt.fits,COMET-TEMPEL-1,COMET,COMET,J2000,13-JUN-2005:05:36:09,196.715564,-1.307472,196.715249,-1.307531,1.153,0.26,True,False,False
13610/icgm01ltq_spt.fits,C2013A1,COMET,COMET,J2000,29-OCT-2013:17:54:05,78.217913,-32.875335,78.217630,-32.875548,1.149,0.64,False,False,False
7312/o42105010_spt.fits,HARTLEY2,COMET,COMET,J2000,02-JAN-1998:10:45:10,354.188639,-7.223146,354.188346,-7.223022,1.138,0.04,True,False,False
15342/idu901hoq_spt.fits,P2017S5,ASTEROID,COMET,J2000,08-SEP-2018:20:18:44,114.901627,16.751992,114.901943,16.751907,1.132,0.87,False,False,False
15973/ie0004x2q_spt.fits,C2017K2-V4,COMET,COMET,J2000,18-JUN-2020:18:54:02,265.441086,53.324668,265.440573,53.324610,1.123,1.58,False,False,False
16309/ieac02e8q_spt.fits,C2017-K2-2,COMET,COMET,J2000,18-DEC-2020:22:50:54,266.155773,35.460689,266.156138,35.460601,1.116,1.44,False,False,False
13612/icgi01k9q_spt.fits,P2013R3-EPOCH1,COMET,COMET,J2000,29-OCT-2013:06:39:46,6.268963,3.698341,6.268683,3.698242,1.065,0.09,False,False,False
15973/ie0001tbq_spt.fits,C2017K2,COMET,COMET,J2000,03-OCT-2019:04:43:34,257.332644,50.568586,257.332786,50.568308,1.054,1.44,False,False,False
13675/icoc11fmq_spt.fits,C2013A1,COMET,COMET,J2000,19-OCT-2014:12:06:15,264.396643,-24.993408,264.396635,-24.993124,1.021,0.86,False,False,False
16214/je9ua1voq_spt.fits,2017K2-2,COMET,COMET,J2000,19-MAR-2021:23:21:27,276.845226,38.340707,276.845481,38.340907,1.018,2.25,False,False,True
8274/u5fz1401r_shm.fits,SW1,Comet,COMET,J2000,27-MAY-2000:21:10:37,255.738543,-32.256627,255.738220,-32.256616,0.984,4.13,False,False,False
16040/ie7s03baq_spt.fits,2IV6,COMET,COMET,J2000,28-MAR-2020:01:23:01,191.375151,-69.870223,191.374545,-69.870396,0.976,0.23,True,False,False
15973/ie0002iqq_spt.fits,C2017K2-V2,COMET,COMET,J2000,17-DEC-2019:01:36:23,265.334526,45.588888,265.334895,45.588813,0.968,1.34,False,False,False
5844/u2xc3304t_shm.fits,HALE-BOPP-2,COMET HALE-BOPP,COMET,J2000,07-APR-1996:02:29:09,295.992831,-19.181853,295.992976,-19.181626,0.953,0.05,False,False,False
6663/u3du0101t_shm.fits,HALE-BOPP-1,COMET HALE-BOPP,COMET,J2000,25-JUL-1996:14:06:39,274.873323,-9.481599,274.873059,-9.481639,0.949,0.02,False,False,False
16044/je7m08wpq_spt.fits,BORISOV-VISIT8,COMET,COMET,J2000,03-APR-2020:03:20:43,190.296028,-70.082604,190.295681,-70.082371,0.941,0.24,True,False,False
12077/ibe401deq_spt.fits,P2010-A2,COMET,COMET,J2000,22-FEB-2010:10:25:38,100.435262,25.619302,100.435058,25.619128,0.913,0.24,False,False,False
5844/y2xc0401t_shf.fits,HALE-BOPP-2,COMET HALE-BOPP,COMET,J2000,07-APR-1996:11:47:02,296.009581,-19.153355,296.009716,-19.153137,0.909,0.05,False,False,False
13229/ic7i10nuq_spt.fits,ISON-TRACK,COMET,COMET,J2000,08-MAY-2013:11:14:40,101.205493,29.171414,101.205755,29.171336,0.871,0.31,False,False,False
6621/u3es1001t_shm.fits,C-TEMPEL-TUTTLE,COMET 55P/TEMPEL-TUTTLE,COMET,J2000,07-AUG-1996:07:50:09,197.828111,1.782958,197.828290,1.782795,0.871,0.28,False,False,False
15965/ie6x33e4q_spt.fits,SCHWASSMAN-WACHMAN-1,COMET,COMET,J2000,14-OCT-2019:19:10:08,9.647074,15.181464,9.646852,15.181403,0.801,9.44,False,False,False
15405/idqn01jlq_spt.fits,A-2017-U1,ASTEROID,COMET,J2000,21-NOV-2017:03:21:47,349.272783,6.539190,349.272659,6.539374,0.795,0.07,False,False,False
10781/j9mc60011_spt.fits,2000EC98-CORRECTION,COMET,COMET,J2000,19-MAR-2006:10:47:05,198.188520,-5.644230,198.188316,-5.644144,0.794,3.97,False,False,False
15406/idqs01tyq_spt.fits,C2017-O1,COMET,COMET,J2000,01-DEC-2017:00:24:50,40.504690,86.188411,40.502057,86.188541,0.785,0.08,True,False,False
7240/n46s01010_spt.fits,COMET1995O1,COMET,COMET,J2000,27-AUG-1997:22:53:36,116.668673,-23.360349,116.668867,-23.360475,0.785,0.32,False,False,False
16309/ieac03mwq_spt.fits,C2017-K2-3,COMET,COMET,J2000,24-MAR-2021:00:15:10,276.956575,38.691271,276.956622,38.691478,0.760,1.63,False,False,False
11972/ubaj3101m_shm.fits,C1999J2-SKIFF,COMET,COMET,J2000,26-FEB-2009:19:10:35,207.414208,-69.976772,207.413757,-69.976915,0.760,8.85,False,False,False
16087/ie8o11d8q_spt.fits,C2019-Q4-V11,COMET,COMET,J2000,30-MAR-2020:06:03:08,190.982335,-69.973431,190.982447,-69.973223,0.759,0.23,True,False,False
14790/id5n01bgq_spt.fits,288P,ASTEROID,COMET,J2000,22-AUG-2016:03:18:35,353.772946,-8.391717,353.773155,-8.391684,0.755,7.21,False,False,False
5844/u2xc3301t_shm.fits,HALE-BOPP-2,COMET HALE-BOPP,COMET,J2000,07-APR-1996:01:01:09,295.990177,-19.186293,295.990292,-19.186117,0.743,0.05,False,False,False
15409/idqt01i0q_spt.fits,C2017K2,COMET,COMET,J2000,28-NOV-2017:17:11:45,262.583560,56.262337,262.583886,56.262246,0.729,0.44,False,False,False
15973/ie0003d2q_spt.fits,C2017K2-V3,COMET,COMET,J2000,14-MAR-2020:20:31:17,274.581452,48.495267,274.581537,48.495461,0.727,1.52,False,False,False
8274/u5fz1405r_shm.fits,SW1,Comet,COMET,J2000,27-MAY-2000:21:35:37,255.736214,-32.256411,255.735981,-32.256408,0.710,4.13,False,False,False
16088/ie9201a5q_spt.fits,I2-BOROSOV,COMET,COMET,J2000,06-APR-2020:00:37:41,189.803895,-70.105605,189.803338,-70.105604,0.682,0.32,True,False,False
14939/idfe01jsq_spt.fits,2017K2,COMET,COMET,J2000,27-JUN-2017:20:12:03,262.969917,64.594741,262.969521,64.594676,0.656,0.08,False,False,False
11972/ubaj8101m_shm.fits,C1997BA6-SPACEWATCH,COMET,COMET,J2000,07-MAY-2009:16:09:35,322.955237,44.391412,322.955244,44.391594,0.655,9.60,False,False,False
11972/ubaj4101m_shm.fits,C2001G1-LONEOS,COMET,COMET,J2000,25-MAR-2009:16:57:35,276.156546,20.160279,276.156594,20.160447,0.628,7.23,False,False,False
15344/idko24ujq_spt.fits,2014LM28,ASTEROID,COMET,J2000,01-FEB-2018:02:32:17,257.305245,15.995014,257.305367,15.995140,0.621,3.29,False,False,False
16878/iesa54cqq_spt.fits,C2014UN271-VIS4,COMET,COMET,J2000,22-AUG-2022:12:27:36,45.786621,-57.966696,45.786616,-57.966867,0.618,5.32,False,False,False
15344/idko14wdq_spt.fits,2001XZ255,ASTEROID,COMET,J2000,19-APR-2018:04:03:35,189.965029,-1.522363,189.964872,-1.522300,0.611,15.51,False,False,False
16878/iesa03pxq_spt.fits,C2014UN271-VIS3,COMET,COMET,J2000,13-JUL-2022:14:58:19,44.683369,-55.611123,44.683521,-55.611270,0.611,5.23,False,False,False
16087/ie8o12dfq_spt.fits,C2019-Q4-V12,COMET,COMET,J2000,13-APR-2020:16:56:10,188.649897,-69.953173,188.649533,-69.953065,0.593,0.30,True,False,False
11972/ubaj5101m_shm.fits,C2003A2-GLEASON,COMET,COMET,J2000,02-MAR-2009:15:35:35,202.098207,-2.821561,202.098068,-2.821480,0.577,5.82,False,False,False
16878/iesa55miq_spt.fits,C2014UN271-VIS5,COMET,COMET,J2000,04-OCT-2022:20:15:25,44.180856,-60.372526,44.180665,-60.372649,0.557,5.39,False,False,False
6447/u3xm0201m_shm.fits,COMET-SHOEMAKER-88B1,"COMET SHOEMAKER 1987IV,C1988 B1",COMET,J2000,28-APR-1997:05:23:09,127.563415,-52.783641,127.563406,-52.783492,0.537,0.34,False,False,False
15344/idko34buq_spt.fits,1999OX3,ASTEROID,COMET,J2000,25-MAY-2018:12:03:11,11.471738,7.485562,11.471868,7.485622,0.514,4.53,False,False,False
15344/idko12c3q_spt.fits,2007RG283,ASTEROID,COMET,J2000,16-NOV-2017:10:54:27,65.344616,49.136178,65.344401,49.136176,0.506,4.31,False,False,False
16878/iesa02a8q_spt.fits,C2014UN271-VIS2,COMET,COMET,J2000,28-MAR-2022:01:22:37,35.789833,-53.753546,35.790051,-53.753492,0.503,4.94,False,False,False
5834/u3150201t_shm.fits,COMET-SHOEMAKER-1987H1,COMET SHOEMAKER 87O-85XIV,COMET,J2000,06-DEC-1995:14:52:09,139.572292,50.228153,139.572148,50.228255,0.494,0.06,False,False,False
6447/u3xm0301m_shm.fits,COMET-TORRES-87F1,"COMET TORRES 1987V,C1987 F1",COMET,J2000,10-MAY-1997:18:33:09,67.692898,75.048346,67.693409,75.048315,0.488,0.38,False,False,False
15344/idko09g6q_spt.fits,2000QB243,ASTEROID,COMET,J2000,02-JUN-2019:22:17:17,8.156014,8.096491,8.156140,8.096540,0.482,15.53,False,False,False
15344/idko20twq_spt.fits,2013PU74,ASTEROID,COMET,J2000,31-MAY-2019:06:56:51,6.702818,-6.938894,6.702951,-6.938871,0.480,5.28,False,False,False
15344/idko04fvq_spt.fits,2015BF518,ASTEROID,COMET,J2000,24-FEB-2018:09:27:15,157.753315,-5.790657,157.753193,-5.790602,0.479,3.04,False,False,False
11990/ubak0101m_shm.fits,COMET-103P-HARTLEY2,COMET,COMET,J2000,10-APR-2009:03:23:35,257.605300,-15.527894,257.605170,-15.527851,0.478,0.44,True,False,False
15344/idko07ltq_spt.fits,2014UT114,ASTEROID,COMET,J2000,11-NOV-2017:06:51:40,54.611566,35.828049,54.611403,35.828034,0.478,3.56,False,False,False
15344/idko46jjq_spt.fits,2010WG9,ASTEROID,COMET,J2000,19-DEC-2017:05:35:28,89.181560,14.883752,89.181430,14.883793,0.476,5.90,False,False,False
6447/u3xm0101m_shm.fits,COMET-CERNIS-83O1,COMET CERNIS C1983-O1,COMET,J2000,06-JUN-1997:13:39:09,223.292848,-41.139684,223.292692,-41.139625,0.471,0.45,False,False,False
10456/j9a801011_spt.fits,COMET-TEMPEL-1,COMET,COMET,J2000,02-JUL-2005:00:32:19,203.475104,-8.685309,203.474997,-8.685382,0.463,0.31,True,False,False
15344/idko37geq_spt.fits,2014JE80,ASTEROID,COMET,J2000,13-FEB-2018:00:59:06,263.219339,-6.141301,263.219464,-6.141296,0.448,3.51,False,False,False
13005/icam01vrq_spt.fits,133P-ELST-PIZARRO,COMET,COMET,J2000,10-JUL-2013:16:56:07,348.529605,-4.542761,348.529727,-4.542735,0.448,0.06,False,False,False
15344/idko06bzq_spt.fits,2014WV508,ASTEROID,COMET,J2000,20-OCT-2017:23:21:42,141.664398,37.062686,141.664548,37.062716,0.445,2.77,False,False,False
9985/j8xy02011_spt.fits,COMET-LINEAR-T7,COMET,COMET,J2000,05-JUN-2004:04:09:49,141.023314,-10.933554,141.023333,-10.933434,0.436,0.87,True,False,False
15344/idko17xuq_spt.fits,2011QF99,ASTEROID,COMET,J2000,27-OCT-2017:05:57:48,54.018061,16.848234,54.017940,16.848207,0.429,6.44,False,False,False
13609/ice601gsq_spt.fits,MBC-2013P5,COMET,COMET,J2000,18-OCT-2013:15:18:19,334.548499,-2.120222,334.548535,-2.120335,0.427,0.13,False,False,False
15344/idko45pcq_spt.fits,2005UN524,ASTEROID,COMET,J2000,31-DEC-2017:23:11:52,98.784050,39.266116,98.783899,39.266135,0.426,12.02,False,False,False
12597/ibwp01qhq_spt.fits,MBC-300163,COMET,COMET,J2000,07-DEC-2011:06:18:24,26.920820,7.965012,26.920746,7.965103,0.421,0.28,False,False,False
15344/idko38pcq_spt.fits,2014XQ40,ASTEROID,COMET,J2000,21-MAR-2019:08:08:38,189.428763,-19.485068,189.428647,-19.485030,0.419,4.75,False,False,False
16018/ie7148z0q_spt.fits,2013KZ18,ASTEROID,COMET,J2000,04-SEP-2020:02:44:20,350.334487,27.243078,350.334359,27.243067,0.413,6.41,False,False,False
15344/idko32fsq_spt.fits,2014GQ53,ASTEROID,COMET,J2000,07-MAY-2018:23:37:59,244.536352,1.340957,244.536240,1.340979,0.410,3.75,False,False,False
15344/idko51scq_spt.fits,2014JD80,ASTEROID,COMET,J2000,12-APR-2018:10:50:24,321.880561,-32.477050,321.880688,-32.477086,0.408,3.74,False,False,False
15344/idko71qjq_spt.fits,2008KV42,ASTEROID,COMET,J2000,25-FEB-2018:14:44:53,251.436401,40.800511,251.436417,40.800622,0.401,6.91,False,False,False
15344/idko43fzq_spt.fits,2014NX65,ASTEROID,COMET,J2000,06-OCT-2019:04:39:45,5.276084,-10.741927,5.275978,-10.741963,0.398,5.52,False,False,False
15344/idko44agq_spt.fits,2013CE223,ASTEROID,COMET,J2000,09-MAR-2019:21:18:46,170.168422,-1.614411,170.168322,-1.614367,0.392,5.72,False,False,False
15344/idko29i5q_spt.fits,2015BF515,ASTEROID,COMET,J2000,17-DEC-2017:04:23:26,123.655835,34.089734,123.655713,34.089773,0.389,2.74,False,False,False
15344/idko26leq_spt.fits,2013MZ11,ASTEROID,COMET,J2000,24-APR-2019:04:58:03,335.047600,-15.578331,335.047709,-15.578305,0.388,4.81,False,False,False
15344/idko61bmq_spt.fits,2006UX184,ASTEROID,COMET,J2000,20-OCT-2017:21:23:12,56.360529,36.384728,56.360402,36.384760,0.387,4.58,False,False,False
15344/idko33kwq_spt.fits,2002CR46,ASTEROID,COMET,J2000,15-APR-2018:04:47:26,211.102181,-14.419959,211.102074,-14.419931,0.386,5.87,False,False,False
15344/idko74ruq_spt.fits,2014GP53,ASTEROID,COMET,J2000,03-MAY-2019:01:10:54,232.734686,-5.915046,232.734581,-5.915027,0.383,5.00,False,False,False
15344/idko25raq_spt.fits,2014LN28,ASTEROID,COMET,J2000,13-SEP-2018:01:26:33,322.288971,-7.080526,322.288880,-7.080579,0.375,3.93,False,False,False
15344/idko76hoq_spt.fits,2013MY11,ASTEROID,COMET,J2000,23-APR-2019:09:51:35,338.501909,-20.935671,338.502020,-20.935661,0.375,5.23,False,False,False
15344/idko52p7q_spt.fits,2013RG98,ASTEROID,COMET,J2000,20-DEC-2017:03:49:36,64.636364,-27.195395,64.636259,-27.195349,0.375,3.25,False,False,False
15344/idko30kuq_spt.fits,2011UH413,ASTEROID,COMET,J2000,05-DEC-2017:15:46:27,77.038021,20.428109,77.037913,20.428128,0.372,5.03,False,False,False
15344/idko67eeq_spt.fits,2002XU93,ASTEROID,COMET,J2000,14-APR-2018:21:30:54,198.425709,80.226581,198.425121,80.226555,0.371,13.41,False,False,False
15344/idko47vgq_spt.fits,2014JF80,ASTEROID,COMET,J2000,03-OCT-2019:17:44:08,340.812089,7.516185,340.812004,7.516129,0.364,4.99,False,False,False
15344/idko41loq_spt.fits,2010FB49,ASTEROID,COMET,J2000,11-APR-2018:02:36:28,198.070343,-1.387190,198.070253,-1.387149,0.354,4.36,False,False,False
15344/idko72uqq_spt.fits,2010EN65,ASTEROID,COMET,J2000,29-MAR-2019:10:17:24,179.671729,-16.329581,179.671638,-16.329537,0.352,5.70,False,False,False
16886/ies701fmq_spt.fits,2014UN271,COMET,COMET,J2000,08-JAN-2022:09:25:28,32.917893,-56.309666,32.917846,-56.309573,0.349,4.74,False,False,False
15344/idko05u0q_spt.fits,2014JG80,ASTEROID,COMET,J2000,31-MAY-2019:07:57:56,250.135813,-6.115592,250.135716,-6.115597,0.348,5.09,False,False,False
15344/idko42c3q_spt.fits,2014DB143,ASTEROID,COMET,J2000,30-APR-2018:05:45:58,254.898143,-6.561991,254.898053,-6.561957,0.343,3.82,False,False,False
16878/iesa01h7q_spt.fits,C2014UN271,COMET,COMET,J2000,11-JAN-2022:05:41:10,32.876467,-56.214434,32.876434,-56.214342,0.341,4.75,False,False,False
15344/idko40bdq_spt.fits,2012GU11,ASTEROID,COMET,J2000,06-MAY-2019:02:13:25,214.952727,-2.842023,214.952637,-2.842000,0.334,5.37,False,False,False
15344/idko59vsq_spt.fits,2013FN28,ASTEROID,COMET,J2000,01-MAR-2018:07:09:34,189.571062,-13.525699,189.570969,-13.525680,0.331,4.72,False,False,False
15344/idko65qdq_spt.fits,2002PQ152,ASTEROID,COMET,J2000,18-FEB-2018:20:55:29,27.018922,20.357571,27.019016,20.357594,0.327,11.31,False,False,False
15344/idko02ggq_spt.fits,2016AE193,ASTEROID,COMET,J2000,20-MAY-2019:23:24:27,133.557975,13.288482,133.558064,13.288469,0.318,5.62,False,False,False
15344/idko01wnq_spt.fits,2015VT152,ASTEROID,COMET,J2000,01-DEC-2017:07:14:02,39.080857,-26.444257,39.080766,-26.444229,0.311,2.04,False,False,False
15344/idko75ygq_spt.fits,2010TV191,ASTEROID,COMET,J2000,15-DEC-2017:04:34:17,66.042208,12.806291,66.042121,12.806291,0.307,4.56,False,False,False
15344/idko73kdq_spt.fits,2014SB349,ASTEROID,COMET,J2000,03-DEC-2017:17:33:19,45.110883,0.971797,45.110797,0.971799,0.307,1.89,False,False,False
15344/idko70p4q_spt.fits,2013TC146,ASTEROID,COMET,J2000,13-DEC-2017:12:45:40,319.998920,-13.605532,319.999005,-13.605521,0.300,3.35,False,False,False
15344/idko18l1q_spt.fits,2013UR15,ASTEROID,COMET,J2000,12-DEC-2017:16:06:06,41.356905,4.198265,41.356823,4.198255,0.300,3.79,False,False,False
15344/idko66jqq_spt.fits,2013UE15,ASTEROID,COMET,J2000,01-NOV-2017:06:48:58,70.489622,27.408931,70.489529,27.408941,0.297,4.14,False,False,False
15344/idko55kcq_spt.fits,2010GF65,ASTEROID,COMET,J2000,02-JUL-2019:18:58:06,243.672299,-33.461110,243.672203,-33.461095,0.293,5.20,False,False,False
15344/idko10c2q_spt.fits,2005RL43,ASTEROID,COMET,J2000,10-MAR-2019:04:33:05,57.717180,8.062481,57.717240,8.062527,0.270,6.02,False,False,False
15344/idko63ugq_spt.fits,1998BU48,ASTEROID,COMET,J2000,08-MAR-2019:13:23:12,179.934569,10.957138,179.934504,10.957173,0.262,5.95,False,False,False
18196/ifqx01cpq_spt.fits,C2023RS61,COMET,COMET,J2000,14-SEP-2025:16:37:34,48.795529,37.753514,48.795485,37.753577,0.260,0.61,False,False,False
13612/icgi02yrq_spt.fits,P2013R3-EPOCH2,COMET,COMET,J2000,15-NOV-2013:06:42:49,5.647324,3.451653,5.647384,3.451691,0.255,0.14,False,False,False
15344/idko62e6q_spt.fits,2004VM131,ASTEROID,COMET,J2000,16-DEC-2017:04:28:01,83.170411,14.365968,83.170340,14.365977,0.250,12.08,False,False,False
15344/idko35hfq_spt.fits,2007BP102,ASTEROID,COMET,J2000,13-JAN-2018:18:30:06,223.688967,-5.078898,223.689028,-5.078931,0.247,4.47,False,False,False
15344/idko11krq_spt.fits,2011FY9,ASTEROID,COMET,J2000,04-MAR-2018:15:13:20,218.502757,-12.297333,218.502710,-12.297294,0.216,3.99,False,False,False
15344/idko16a1q_spt.fits,2014FB72,ASTEROID,COMET,J2000,18-MAR-2018:22:14:54,228.904917,-23.011385,228.904853,-23.011378,0.213,4.45,False,False,False
15344/idko50rgq_spt.fits,2012CE17,ASTEROID,COMET,J2000,07-DEC-2017:06:48:33,175.680390,1.642912,175.680446,1.642893,0.212,4.16,False,False,False
15344/idko58ojq_spt.fits,2008AU138,ASTEROID,COMET,J2000,30-OCT-2017:17:19:14,156.368718,56.267705,156.368795,56.267738,0.194,9.11,False,False,False
16852/ier510g0q_spt.fits,29P-SW1,COMET,COMET,J2000,23-NOV-2021:16:03:32,70.342489,32.120242,70.342432,32.120231,0.180,9.81,False,False,False
15344/idko60qmq_spt.fits,2011FX62,ASTEROID,COMET,J2000,28-AUG-2019:23:09:17,212.927688,-30.686725,212.927745,-30.686715,0.179,14.74,False,False,False
15344/idko57mgq_spt.fits,2012VU85,ASTEROID,COMET,J2000,21-MAR-2018:14:37:55,79.656142,20.424337,79.656189,20.424350,0.164,4.23,False,False,False
9302/j8ed01011_spt.fits,HALE-BOPP,COMET,COMET,J2000,27-OCT-2002:12:12:43,93.084884,-82.266906,93.084651,-82.266939,0.163,0.07,False,False,False
15344/idko21z4q_spt.fits,2014GR53,ASTEROID,COMET,J2000,16-FEB-2018:00:23:23,232.121975,-18.200645,232.121986,-18.200681,0.137,3.41,False,False,False
15344/idko19vzq_spt.fits,2010LO33,ASTEROID,COMET,J2000,19-APR-2018:01:16:49,277.368746,-13.075815,277.368730,-13.075787,0.118,4.27,False,False,False
15344/idko49gdq_spt.fits,2004VH131,ASTEROID,COMET,J2000,21-JAN-2018:19:23:06,69.982411,29.135167,69.982375,29.135168,0.114,11.73,False,False,False
13198/ic7301onq_spt.fits,ISON,COMET,COMET,J2000,10-APR-2013:05:11:14,99.300691,30.239403,99.300699,30.239374,0.108,0.25,False,False,False
9678/j8i701011_spt.fits,OBJECTX,ASTEROID,COMET,J2000,05-JUL-2002:19:59:06,249.004479,-14.795803,249.004454,-14.795812,0.094,0.06,False,False,False
14524/id4d01m4q_spt.fits,P2016-G1,ASTEROID,COMET,J2000,28-JUN-2016:14:20:08,222.273718,-5.662866,222.273741,-5.662878,0.094,0.19,False,False,False
11536/ib6m02d9q_spt.fits,29P-SW1,COMET,COMET,J2000,17-MAY-2010:17:23:35,140.289686,12.881398,140.289707,12.881402,0.075,1.35,False,False,False
5829/z3490301t_shf.fits,SPYBAL,COMET SCHWASSMANN-WACHMANN-1,COMET,J2000,12-MAR-1996:04:33:52,156.786925,4.350605,156.786913,4.350612,0.050,0.13,False,False,False
18152/ifle09faq_spt.fits,3I-ATLAS-MAR5,COMET,COMET,J2000,10-APR-2026:21:56:19,101.268133,20.475846,101.268125,20.475855,0.044,0.14,True,False,False
9110/o6e945010_spt.fits,MINIXENA,ASTEROID,COMET,J2000,03-MAY-2002:11:56:51,132.337061,10.562528,132.337062,10.562538,0.037,0.16,False,False,False
15344/idko39dtq_spt.fits,2004MW8,ASTEROID,COMET,J2000,21-OCT-2017:12:53:17,315.959552,-12.795585,315.959556,-12.795594,0.035,11.92,False,False,False
10781/j9mc10011_spt.fits,2000EC98,COMET,COMET,J2000,14-MAR-2006:14:17:46,252.010734,-18.104917,252.010740,-18.104910,0.031,4.57,False,False,False
